8161,8193,cream applicator - set,18,2500
8162,8194,cap 100 gram - hamdard jar,2,1500
8163,8195,polio box cap - blue,42,21
8164,8196,nozzle cover - kleen enema,6,5000
8166,8199,cream applicator - set,13,2500
8174,8200,cap 100 gram - hamdard jar,7,1500
8176,8201,nozzle cover - kleen enema,6,5000
8191,8224,polio box cap - blue,39,21
8211,8243,cap 100 gram - hamdard jar,4,1500
8212,8244,polio box cap - blue,31,21
8226,8259,cream applicator - set,8,2500
8227,8260,cap 100 gram - hamdard jar,1,1500
8229,8261,polio box cap - blue,60,21
8252,8287,cap 100 gram - hamdard jar,8,1500
8254,8288,polio box cap - blue,67,21
8275,8307,polio box cap - blue,57,21
8297,8330,polio box cap - blue,21,21
8303,8335,polio box cap - blue,42,21
8347,8379,polio box cap - blue,37,21
8348,8380,white ice pack - polio box,2,66
8349,8381,yellow ice pack - polio box,4,66
8377,8409,yellow ice pack - polio box,33,66
8378,8410,polio box cap - blue,17,21
8379,8411,cream applicator - set,8,3500
8414,8442,yellow ice pack - polio box,37,66
8443,8475,white ice pack - polio box,21,66
8444,8476,yellow ice pack - polio box,7,66
8445,8477,cream applicator - set,10,3500
8478,8511,white ice pack - polio box,85,66
8513,8546,white ice pack - polio box,80,66
8544,8577,white ice pack - polio box,45,66
8545,8578,polio box cap - blue,9,21
8562,8597,white ice pack - polio box,24,66
8707,8742,white ice pack - polio box,13,66
8738,8773,polio box cap - blue,31,21
8739,8774,white ice pack - polio box,56,66
8761,8797,polio box cap - blue,22,21
8762,8798,drip hanger,3,5000
8763,8799,white ice pack - polio box,24,66
8764,8800,white ice pack - polio box,42,66
8792,8828,white ice pack - polio box,80,66
8793,8829,drip hanger,5,5000
4960,4977,herbion balm jar,3,700
4967,4980,plain bottle - kleen enema,16,300
4975,4993,herbion balm jar,3,700
4976,4994,nozzle cover - kleen enema,8,5000
4977,4992,plain bottle - kleen enema,20,300
4984,5001,herbion balm jar,4,700
4985,5002,nozzle cover - kleen enema,6,5000
4994,5011,jar 60 ml - eu cream,27,300
4995,5012,nozzle cover - kleen enema,3,5000
4996,5013,plain bottle - kleen enema,24,300
4998,5015,lid - eu cream,39,300
4999,5017,plain bottle - kleen enema,10,300
5000,5016,nozzle cover - kleen enema,8,5000
5009,5026,jar 60 ml - eu cream,60,300
5010,5027,herbion balm jar,12,700
5011,5028,nozzle cover - kleen enema,3,5000
5013,5030,jar 60 ml - eu cream,43,300
5014,5031,herbion balm jar,6,700
5015,5032,nozzle cover - kleen enema,8,5000
5024,5041,jar 60 ml - eu cream,77,300
5025,5043,nozzle cover - kleen enema,8,5000
5026,5042,herbion balm jar,6,700
5030,5047,jar 60 ml - eu cream,70,300
5031,5048,herbion balm jar,19,700
5032,5049,nozzle cover - kleen enema,4,5000
5035,5052,herbion balm jar,13,700
5036,5053,jar 60 ml - eu cream,69,300
5043,5060,jar 60 ml - eu cream,68,300
5044,5061,nozzle cover - kleen enema,2,5000
5052,5069,jar 60 ml - eu cream,51,300
5053,5070,nozzle cover - kleen enema,11,5000
5058,5076,nozzle cover - kleen enema,1,5000
5059,5075,jar 60 ml - eu cream,67,300
5065,5082,jar 60 ml - eu cream,72,300
5066,5083,lid - eu cream,5,5000
5071,5088,lid - eu cream,6,5000
5073,5090,herbion balm jar,3,700
5079,5096,lid - eu cream,6,5000
5080,5097,cap 60 ml - eu cream,3,5000
5081,5098,herbion balm jar,7,700
5082,5099,ICE PACK BOTTLE PLASTIC - WHITE,70,70
5088,5105,jar 60 ml - eu cream,26,300
5089,5106,ICE PACK BOTTLE PLASTIC - WHITE,80,70
5090,5108,herbion balm jar,6,700
5091,5107,cap 60 ml - eu cream,7,5000
5092,5109,BALM CAP GREEN FOR CRYSTAL BALM JAR,3,2800
5104,5120,ICE PACK BOTTLE PLASTIC - WHITE,72,70
5105,5121,cap 60 ml - eu cream,4,5000
5106,5122,herbion balm jar,5,700
5107,5124,BALM CAP GREEN FOR CRYSTAL BALM JAR,8,2800
5108,5125,lid - eu cream,3,5000
5109,5126,lid - eu cream,10,5000
5120,5136,ICE PACK BOTTLE PLASTIC - WHITE,57,70
5121,5137,cap 60 ml - eu cream,6,5000
5122,5138,BALM CAP GREEN FOR CRYSTAL BALM JAR,6,2800
5123,5139,herbion balm jar,2,700
5124,5140,lid - eu cream,5,5000
5133,5149,lid - eu cream,8,5000
5134,5150,cap 60 ml - eu cream,6,5000
5135,5151,herbion balm jar,15,700
5136,5152,BALM CAP GREEN FOR CRYSTAL BALM JAR,9,2800
5146,5162,cap 60 ml - eu cream,10,5000
5147,5163,BALM CAP GREEN FOR CRYSTAL BALM JAR,14,2800
5148,5164,herbion balm jar,19,700
5149,5165,lid - eu cream,9,5000
5160,5176,lid - eu cream,4,5000
5161,5177,cap 60 ml - eu cream,9,5000
5162,5178,BALM CAP GREEN FOR CRYSTAL BALM JAR,18,2800
5163,5179,herbion balm jar,13,700
5181,5197,lid - eu cream,4,5000
5182,5198,cap 60 ml - eu cream,8,5000
5183,5199,BALM CAP GREEN FOR CRYSTAL BALM JAR,18,2800
5184,5200,herbion balm jar,11,700
5204,5220,lid - eu cream,7,5000
5205,5221,cap 60 ml - eu cream,1,5000
5206,5222,herbion balm jar,14,700
5207,5223,BALM CAP GREEN FOR CRYSTAL BALM JAR,17,2800
